episode,timestamp,success_rate,episode_reward,intercept_success,intercept_fail,enemy_missiles,defense_missiles,territory_hits,avg_prediction_error,policy_loss,value_loss,epsilon,learning_rate
0,1769413026.9682825,0.0000,-156.07,0,2,10,0,0,0.00,0.000000,0.000000,0.3030,0.001000
1,1769413075.8463583,0.0000,-231.79,0,4,10,0,0,0.00,0.000000,0.000000,0.3060,0.001000
2,1769413124.7640483,0.0000,-152.38,0,2,10,0,0,0.00,0.000000,0.000000,0.3091,0.001000
3,1769413174.1742733,0.0000,-311.01,0,4,10,0,0,0.00,0.000000,0.000000,0.3122,0.001000
4,1769413223.9321418,0.0000,-155.13,0,4,10,0,0,0.00,0.000000,0.000000,0.3153,0.001000
5,1769413273.27226,0.0000,-152.76,0,3,10,0,0,0.00,0.000000,0.000000,0.3185,0.001000
6,1769413322.8359427,0.0000,-155.99,0,2,10,0,0,0.00,0.000000,0.000000,0.3216,0.001000
7,1769413372.1866548,0.0000,-312.82,0,6,10,0,0,0.00,0.000000,0.000000,0.3249,0.001000
8,1769413421.6616023,0.0000,-154.91,0,3,10,0,0,0.00,0.000000,0.000000,0.3281,0.001000
9,1769413469.6476002,0.0000,-463.39,0,6,10,0,0,0.00,0.000000,0.000000,0.3314,0.001000
10,1769413518.4253657,0.0000,-236.27,0,3,10,0,0,0.00,0.000000,0.000000,0.3347,0.001000
11,1769413566.526921,0.0000,-152.20,0,2,10,0,0,0.00,0.000000,0.000000,0.3380,0.001000
12,1769413614.5698516,0.0000,-77.38,0,2,10,0,0,0.00,0.000000,0.000000,0.3414,0.001000
13,1769413663.37679,0.0000,-307.93,0,5,10,0,0,0.00,0.000000,0.000000,0.3448,0.001000
14,1769413711.4315403,0.0000,-229.40,0,3,10,0,0,0.00,0.000000,0.000000,0.3483,0.001000
15,1769413765.4489,0.0000,-76.81,0,2,10,1,0,0.00,0.000000,0.000000,0.3518,0.001000
16,1769413813.9177353,0.0000,-229.46,0,4,10,0,0,0.00,0.000000,0.000000,0.3553,0.001000
17,1769413862.419322,0.0000,-311.53,0,5,10,0,0,0.00,0.000000,0.000000,0.3588,0.001000
18,1769413911.97222,0.0000,-152.39,0,2,10,0,0,0.00,0.000000,0.000000,0.3624,0.001000
19,1769413961.0920653,0.0000,-306.15,0,6,10,0,0,0.00,0.000000,0.000000,0.3661,0.001000
20,1769414010.725866,0.0000,-154.09,0,2,10,0,0,0.00,0.000000,0.000000,0.3697,0.001000
21,1769414059.9063773,0.0000,-156.76,0,2,10,0,0,0.00,0.000000,0.000000,0.3734,0.001000
22,1769414108.9363844,0.0000,-153.29,0,2,10,0,0,0.00,0.000000,0.000000,0.3771,0.001000
23,1769414157.5731206,0.0000,-308.78,0,4,10,0,0,0.00,0.000000,0.000000,0.3809,0.001000
24,1769414206.2099135,0.0000,-228.79,0,3,10,0,0,0.00,0.000000,0.000000,0.3847,0.001000
25,1769414255.5136468,0.0000,-229.70,0,4,10,0,0,0.00,0.000000,0.000000,0.3886,0.001000
26,1769414305.9268508,0.0000,-228.93,0,3,10,0,0,0.00,0.000000,0.000000,0.3925,0.001000
27,1769414355.9561715,0.0000,-155.79,0,2,10,0,0,0.00,0.000000,0.000000,0.3964,0.001000
28,1769414413.0321274,0.0000,-230.50,0,3,10,0,0,0.00,0.000000,0.000000,0.4004,0.001000
29,1769414468.0998852,0.0000,-77.57,0,2,10,0,0,0.00,0.000000,0.000000,0.4044,0.001000
30,1769414518.8420863,0.0000,-230.36,0,4,10,0,0,0.00,0.000000,0.000000,0.4084,0.001000
31,1769414566.5963976,0.0000,-154.87,0,2,10,0,0,0.00,0.000000,0.000000,0.4125,0.001000
32,1769414616.8751655,0.0000,-153.95,0,3,10,0,0,0.00,0.000000,0.000000,0.4166,0.001000
33,1769414668.6782715,0.0000,-232.24,0,3,10,0,0,0.00,0.000000,0.000000,0.4208,0.001000
34,1769414719.77355,0.0000,-231.70,0,3,10,0,0,0.00,0.000000,0.000000,0.4250,0.001000
35,1769414773.2778938,0.0000,-230.57,0,3,10,0,0,0.00,0.000000,0.000000,0.4292,0.001000
36,1769414823.5722146,0.0000,-151.48,0,2,10,0,0,0.00,0.000000,0.000000,0.4335,0.001000
37,1769414873.0074537,0.0000,-232.04,0,3,10,0,0,0.00,0.000000,0.000000,0.4379,0.001000
38,1769414924.9027183,0.0000,-306.48,0,4,10,0,0,0.00,0.000000,0.000000,0.4422,0.001000
39,1769414976.7409976,0.0000,-231.93,0,4,10,0,0,0.00,0.000000,0.000000,0.4467,0.001000
40,1769415026.3011794,0.0000,-154.63,0,2,10,0,0,0.00,0.000000,0.000000,0.4511,0.001000
41,1769415078.5053177,0.0000,-231.90,0,5,10,0,0,0.00,0.000000,0.000000,0.4556,0.001000
42,1769415128.7141018,0.0000,-387.41,0,5,10,0,0,0.00,0.000000,0.000000,0.4602,0.001000
43,1769415180.633055,0.0000,-311.20,0,5,10,0,0,0.00,0.000000,0.000000,0.4648,0.001000
44,1769415236.3684754,0.0000,-76.95,0,2,10,0,0,0.00,0.000000,0.000000,0.4694,0.001000
45,1769415293.2676756,0.0000,-309.76,0,4,10,0,0,0.00,0.000000,0.000000,0.4741,0.001000
46,1769415350.5669281,0.0000,-76.79,0,1,10,0,0,0.00,0.000000,0.000000,0.4789,0.001000
47,1769415406.7067003,0.0000,-232.21,0,3,10,0,0,0.00,0.000000,0.000000,0.4837,0.001000
48,1769415458.3367035,0.0000,-234.49,0,3,10,0,0,0.00,0.000000,0.000000,0.4885,0.001000
49,1769415515.2806063,0.0000,-75.50,0,1,10,0,0,0.00,0.000000,0.000000,0.4934,0.001000
50,1769415574.9943218,0.0000,-76.46,0,3,10,1,0,0.00,0.000000,0.000000,0.4983,0.001000
51,1769415632.1683562,0.0000,-157.54,0,2,10,0,0,0.00,0.000000,0.000000,0.5000,0.001000
52,1769415689.0031686,0.0000,-231.69,0,3,10,0,0,0.00,0.000000,0.000000,0.5000,0.001000
53,1769415746.9115484,0.0000,-77.21,0,3,10,0,0,0.00,0.000000,0.000000,0.5000,0.001000
54,1769415805.1232827,0.0000,-151.89,0,3,10,0,0,0.00,0.000000,0.000000,0.5000,0.001000
55,1769415864.5542293,0.0000,-154.08,0,5,10,1,0,0.00,0.000000,0.000000,0.5000,0.001000
56,1769415922.8420727,0.0000,-230.82,0,5,10,0,0,0.00,0.000000,0.000000,0.5000,0.001000
57,1769415979.7087626,0.0000,-155.79,0,3,10,0,0,0.00,0.000000,0.000000,0.5000,0.001000
58,1769416037.2509258,0.0000,-154.50,0,2,10,0,0,0.00,0.000000,0.000000,0.5000,0.001000
59,1769416095.1060956,0.0000,-229.36,0,3,10,0,0,0.00,0.000000,0.000000,0.5000,0.001000
60,1769416153.090961,0.0000,-233.93,0,3,10,0,0,0.00,0.000000,0.000000,0.5000,0.001000
61,1769416210.3053217,0.0000,-543.91,0,7,10,0,0,0.00,0.000000,0.000000,0.5000,0.001000
62,1769416266.1894329,0.0000,-232.29,0,3,10,0,0,0.00,0.000000,0.000000,0.5000,0.001000
63,1769416321.743493,0.0000,-74.50,0,2,10,0,0,0.00,0.000000,0.000000,0.5000,0.001000
64,1769416376.3705213,0.0000,-152.32,0,3,10,0,0,0.00,0.000000,0.000000,0.5000,0.001000
65,1769416431.4063137,0.0000,-153.58,0,2,10,0,0,0.00,0.000000,0.000000,0.5000,0.001000
66,1769416486.2185469,0.0000,-234.53,0,4,10,0,0,0.00,0.000000,0.000000,0.5000,0.001000
67,1769416539.8765538,0.0000,-156.21,0,2,10,0,0,0.00,0.000000,0.000000,0.5000,0.001000
68,1769416593.4551306,0.0000,-155.17,0,4,10,0,0,0.00,0.000000,0.000000,0.5000,0.001000
69,1769416647.407544,0.0000,-233.23,0,3,10,0,0,0.00,0.000000,0.000000,0.5000,0.001000
70,1769416701.559823,0.0000,-156.25,0,3,10,0,0,0.00,0.000000,0.000000,0.5000,0.001000
71,1769416756.0201793,0.0000,-231.67,0,3,10,0,0,0.00,0.000000,0.000000,0.5000,0.001000
72,1769416813.06169,0.0000,-73.76,0,1,10,0,0,0.00,0.000000,0.000000,0.5000,0.001000
73,1769416869.7910738,0.0000,-228.82,0,3,10,0,0,0.00,0.000000,0.000000,0.5000,0.001000
74,1769416925.8803933,0.0000,-231.25,0,4,10,0,0,0.00,0.000000,0.000000,0.5000,0.001000
75,1769416980.6076634,0.0000,-230.06,0,4,10,0,0,0.00,0.000000,0.000000,0.5000,0.001000
76,1769417034.3816044,0.0000,-158.27,0,2,10,0,0,0.00,0.000000,0.000000,0.5000,0.001000
77,1769417093.1674232,0.0000,-231.05,0,3,10,0,0,0.00,0.000000,0.000000,0.5000,0.001000
78,1769417153.5926576,0.0000,-307.51,0,4,10,0,0,0.00,0.000000,0.000000,0.5000,0.001000
79,1769417212.8915,0.0000,-76.92,0,3,10,0,0,0.00,0.000000,0.000000,0.5000,0.001000
80,1769417269.71567,0.0000,-150.79,0,2,10,0,0,0.00,0.000000,0.000000,0.5000,0.001000
81,1769417330.5346265,0.0000,-154.88,0,3,10,1,0,0.00,0.000000,0.000000,0.5000,0.001000
82,1769417389.2053604,0.0000,-310.58,0,4,10,0,0,0.00,0.000000,0.000000,0.5000,0.001000
83,1769417449.3560538,0.0000,-233.92,0,3,10,0,0,0.00,0.000000,0.000000,0.5000,0.001000
84,1769417512.084856,0.0000,-308.12,0,5,10,1,0,0.00,0.000000,0.000000,0.5000,0.001000
85,1769417571.3385413,0.0000,-232.34,0,3,10,0,0,0.00,0.000000,0.000000,0.5000,0.001000
86,1769417623.217603,0.0000,-232.28,0,4,10,0,0,0.00,0.000000,0.000000,0.5000,0.001000
87,1769417675.1888535,0.0000,-312.69,0,5,10,0,0,0.00,0.000000,0.000000,0.5000,0.001000
88,1769417727.129494,0.0000,-156.98,0,3,10,0,0,0.00,0.000000,0.000000,0.5000,0.001000
89,1769417779.6698148,0.0000,-154.23,0,4,10,0,0,0.00,0.000000,0.000000,0.5000,0.001000
90,1769417832.2201126,0.0000,-155.75,0,5,10,0,0,0.00,0.000000,0.000000,0.5000,0.001000
91,1769417885.2647846,0.0000,-153.96,0,3,10,0,0,0.00,0.000000,0.000000,0.5000,0.001000
92,1769417938.4062164,0.0000,-387.81,0,5,10,0,0,0.00,0.000000,0.000000,0.5000,0.001000
93,1769417990.9151795,0.0000,-77.42,0,2,10,0,0,0.00,0.000000,0.000000,0.5000,0.001000
94,1769418043.0175052,0.0000,-157.11,0,2,10,0,0,0.00,0.000000,0.000000,0.5000,0.001000
95,1769418098.2638617,0.0000,-153.53,0,2,10,0,0,0.00,0.000000,0.000000,0.5000,0.001000
96,1769418151.57008,0.0000,-155.08,0,2,10,0,0,0.00,0.000000,0.000000,0.5000,0.001000
97,1769418204.078037,0.0000,-153.51,0,2,10,0,0,0.00,0.000000,0.000000,0.5000,0.001000
98,1769418256.7137876,0.0000,-152.47,0,3,10,0,0,0.00,0.000000,0.000000,0.5000,0.001000
99,1769418309.3121426,0.0000,-311.74,0,4,10,0,0,0.00,0.000000,0.000000,0.5000,0.000990
100,1769418362.1700907,0.0000,-232.97,0,4,10,0,0,0.00,0.000000,0.000000,0.5000,0.000990
101,1769418415.2880123,0.0000,-75.87,0,2,10,0,0,0.00,0.000000,0.000000,0.5000,0.000990
102,1769418467.676657,0.0000,-232.99,0,3,10,0,0,0.00,0.000000,0.000000,0.5000,0.000990
103,1769418520.3583012,0.0000,-229.86,0,3,10,0,0,0.00,0.000000,0.000000,0.5000,0.000990
104,1769418573.3961298,0.0000,-385.18,0,5,10,0,0,0.00,0.000000,0.000000,0.5000,0.000990
105,1769418633.9392085,0.0000,-229.72,0,4,10,1,0,0.00,0.000000,0.000000,0.5000,0.000990
106,1769418686.764825,0.0000,-154.28,0,3,10,0,0,0.00,0.000000,0.000000,0.5000,0.000990
107,1769418739.102149,0.0000,-155.58,0,4,10,0,0,0.00,0.000000,0.000000,0.5000,0.000990
108,1769418793.109376,0.0000,-154.75,0,4,10,0,0,0.00,0.000000,0.000000,0.5000,0.000990
109,1769418845.5135663,0.0000,-310.12,0,4,10,0,0,0.00,0.000000,0.000000,0.5000,0.000990
110,1769418897.6675982,0.0000,-155.43,0,3,10,0,0,0.00,0.000000,0.000000,0.5000,0.000990
111,1769418950.146069,0.0000,-77.06,0,2,10,0,0,0.00,0.000000,0.000000,0.5000,0.000990
112,1769419002.7021673,0.0000,-154.78,0,2,10,0,0,0.00,0.000000,0.000000,0.5000,0.000990
113,1769419062.445949,0.0000,-79.18,0,1,10,0,0,0.00,0.000000,0.000000,0.5000,0.000990
114,1769419110.5635853,0.0000,-77.32,0,1,10,0,0,0.00,0.000000,0.000000,0.5000,0.000990
115,1769419162.8998654,0.0000,-233.40,0,4,10,1,0,0.00,0.000000,0.000000,0.5000,0.000990
116,1769419211.1135793,0.0000,-305.48,0,5,10,0,0,0.00,0.000000,0.000000,0.5000,0.000990
117,1769419261.162497,0.0000,-157.19,0,4,10,1,0,0.00,0.000000,0.000000,0.5000,0.000990
118,1769419312.4136448,0.0000,-156.67,0,4,10,1,0,0.00,0.000000,0.000000,0.5000,0.000990
119,1769419360.1894555,0.0000,-390.66,0,5,10,0,0,0.00,0.000000,0.000000,0.5000,0.000990
120,1769419408.044063,0.0000,-156.12,0,2,10,0,0,0.00,0.000000,0.000000,0.5000,0.000990
121,1769419460.3520973,0.0000,-232.34,0,4,10,1,0,0.00,0.000000,0.000000,0.5000,0.000990
122,1769419508.0963876,0.0000,-387.99,0,5,10,0,0,0.00,0.000000,0.000000,0.5000,0.000990
123,1769419555.8653505,0.0000,-231.57,0,3,10,0,0,0.00,0.000000,0.000000,0.5000,0.000990
124,1769419603.5192223,0.0000,-231.08,0,4,10,0,0,0.00,0.000000,0.000000,0.5000,0.000990
125,1769419651.1963701,0.0000,-154.44,0,2,10,0,0,0.00,0.000000,0.000000,0.5000,0.000990
126,1769419698.6864274,0.0000,-310.86,0,4,10,0,0,0.00,0.000000,0.000000,0.5000,0.000990
127,1769419746.3436983,0.0000,-307.35,0,4,10,0,0,0.00,0.000000,0.000000,0.5000,0.000990
128,1769419794.0138328,0.0000,-230.88,0,3,10,0,0,0.00,0.000000,0.000000,0.5000,0.000990
129,1769419841.869535,0.0000,-154.76,0,2,10,0,0,0.00,0.000000,0.000000,0.5000,0.000990
130,1769419889.7007458,0.0000,-309.30,0,5,10,0,0,0.00,0.000000,0.000000,0.5000,0.000990
131,1769419937.7176023,0.0000,-307.50,0,4,10,0,0,0.00,0.000000,0.000000,0.5000,0.000990
132,1769419985.4314888,0.0000,-306.50,0,5,10,0,0,0.00,0.000000,0.000000,0.5000,0.000990
133,1769420033.1306953,0.0000,-232.47,0,3,10,0,0,0.00,0.000000,0.000000,0.5000,0.000990
134,1769420080.8699026,0.0000,-150.85,0,3,10,0,0,0.00,0.000000,0.000000,0.5000,0.000990
135,1769420128.8459795,0.0000,-155.89,0,3,10,0,0,0.00,0.000000,0.000000,0.5000,0.000990
136,1769420176.4544482,0.0000,-386.00,0,5,10,0,0,0.00,0.000000,0.000000,0.5000,0.000990
137,1769420224.1486013,0.0000,-153.00,0,3,10,0,0,0.00,0.000000,0.000000,0.5000,0.000990
138,1769420271.9408052,0.0000,-308.90,0,4,10,0,0,0.00,0.000000,0.000000,0.5000,0.000990
139,1769420319.5136373,0.0000,-156.45,0,3,10,0,0,0.00,0.000000,0.000000,0.5000,0.000990
140,1769420366.8224046,0.0000,-75.52,0,3,10,0,0,0.00,0.000000,0.000000,0.5000,0.000990
141,1769420414.0539727,0.0000,-310.17,0,5,10,0,0,0.00,0.000000,0.000000,0.5000,0.000990
142,1769420461.467483,0.0000,-231.19,0,4,10,0,0,0.00,0.000000,0.000000,0.5000,0.000990
143,1769420508.6713514,0.0000,-306.15,0,4,10,0,0,0.00,0.000000,0.000000,0.5000,0.000990
144,1769420555.9495404,0.0000,-231.30,0,3,10,0,0,0.00,0.000000,0.000000,0.5000,0.000990
145,1769420603.2879882,0.0000,-155.82,0,2,10,0,0,0.00,0.000000,0.000000,0.5000,0.000990
146,1769420650.7184424,0.0000,-232.81,0,4,10,0,0,0.00,0.000000,0.000000,0.5000,0.000990
147,1769420698.1905553,0.0000,-157.54,0,3,10,0,0,0.00,0.000000,0.000000,0.5000,0.000990
148,1769420745.4269538,0.0000,-155.47,0,2,10,0,0,0.00,0.000000,0.000000,0.5000,0.000990
149,1769420795.4258811,0.0000,-154.05,0,4,10,1,0,0.00,0.000000,0.000000,0.5000,0.000990
150,1769420842.6075726,0.0000,-232.25,0,4,10,0,0,0.00,0.000000,0.000000,0.5000,0.000990
151,1769420889.7702994,0.0000,0.00,0,2,10,0,0,0.00,0.000000,0.000000,0.5000,0.000990
152,1769420937.1165206,0.0000,-232.45,0,4,10,0,0,0.00,0.000000,0.000000,0.5000,0.000990
153,1769420984.3885386,0.0000,-232.86,0,3,10,0,0,0.00,0.000000,0.000000,0.5000,0.000990
154,1769421031.830113,0.0000,-154.28,0,2,10,0,0,0.00,0.000000,0.000000,0.5000,0.000990
155,1769421079.1390646,0.0000,-230.92,0,3,10,0,0,0.00,0.000000,0.000000,0.5000,0.000990
156,1769421126.523415,0.0000,-75.77,0,2,10,0,0,0.00,0.000000,0.000000,0.5000,0.000990
157,1769421173.816851,0.0000,-154.90,0,2,10,0,0,0.00,0.000000,0.000000,0.5000,0.000990
158,1769421220.7735837,0.0000,-232.42,0,6,10,0,0,0.00,0.000000,0.000000,0.5000,0.000990
159,1769421274.6534665,0.0000,-154.45,0,4,10,1,0,0.00,0.000000,0.000000,0.5000,0.000990
160,1769421322.0243738,0.0000,-155.59,0,3,10,0,0,0.00,0.000000,0.000000,0.5000,0.000990
161,1769421369.426117,0.0000,-76.54,0,2,10,0,0,0.00,0.000000,0.000000,0.5000,0.000990
162,1769421416.7383053,0.0000,-387.92,0,5,10,0,0,0.00,0.000000,0.000000,0.5000,0.000990
163,1769421468.2563071,0.0000,0.00,0,1,10,1,0,0.00,-0.008528,0.000643,0.5000,0.000990
164,1769421515.608501,0.0000,-76.45,0,2,10,0,0,0.00,0.000000,0.000000,0.5000,0.000990
165,1769421563.2577064,0.0000,-76.27,0,1,10,0,0,0.00,0.000000,0.000000,0.5000,0.000990
166,1769421610.6090524,0.0000,-233.98,0,3,10,0,0,0.00,0.000000,0.000000,0.5000,0.000990
167,1769421657.8701196,0.0000,-154.29,0,2,10,0,0,0.00,0.000000,0.000000,0.5000,0.000990
168,1769421705.4234998,0.0000,-310.75,0,4,10,0,0,0.00,0.000000,0.000000,0.5000,0.000990
169,1769421752.9240372,0.0000,-76.56,0,1,10,0,0,0.00,0.000000,0.000000,0.5000,0.000990
170,1769421800.4360151,0.0000,-312.05,0,4,10,0,0,0.00,0.000000,0.000000,0.5000,0.000990
171,1769421847.805422,0.0000,-307.03,0,4,10,0,0,0.00,0.000000,0.000000,0.5000,0.000990
172,1769421895.041974,0.0000,-230.54,0,4,10,0,0,0.00,0.000000,0.000000,0.5000,0.000990
173,1769421942.2013655,0.0000,-154.30,0,3,10,0,0,0.00,0.000000,0.000000,0.5000,0.000990
174,1769421989.34616,0.0000,-231.97,0,3,10,0,0,0.00,0.000000,0.000000,0.5000,0.000990
175,1769422036.6083236,0.0000,-77.13,0,2,10,0,0,0.00,0.000000,0.000000,0.5000,0.000990
176,1769422084.0127566,0.0000,-304.64,0,4,10,0,0,0.00,0.000000,0.000000,0.5000,0.000990
177,1769422131.4349704,0.0000,-310.38,0,4,10,0,0,0.00,0.000000,0.000000,0.5000,0.000990
178,1769422178.7115898,0.0000,-230.72,0,3,10,0,0,0.00,0.000000,0.000000,0.5000,0.000990
179,1769422225.9564571,0.0000,-231.55,0,3,10,0,0,0.00,0.000000,0.000000,0.5000,0.000990
180,1769422273.1654887,0.0000,-234.19,0,3,10,0,0,0.00,0.000000,0.000000,0.5000,0.000990
181,1769422320.2740078,0.0000,-154.82,0,3,10,0,0,0.00,0.000000,0.000000,0.5000,0.000990
182,1769422367.4526994,0.0000,-152.44,0,3,10,0,0,0.00,0.000000,0.000000,0.5000,0.000990
183,1769422414.7268434,0.0000,-232.55,0,3,10,0,0,0.00,0.000000,0.000000,0.5000,0.000990
184,1769422462.0823047,0.0000,-304.86,0,4,10,0,0,0.00,0.000000,0.000000,0.5000,0.000990
185,1769422509.4236352,0.0000,-234.81,0,3,10,0,0,0.00,0.000000,0.000000,0.5000,0.000990
186,1769422561.207573,0.0000,-233.15,0,5,10,1,0,0.00,0.000000,0.000000,0.5000,0.000990
187,1769422609.1960168,0.0000,-76.53,0,1,10,0,0,0.00,0.000000,0.000000,0.5000,0.000990
188,1769422656.5382845,0.0000,-228.87,0,3,10,0,0,0.00,0.000000,0.000000,0.5000,0.000990
189,1769422703.9350529,0.0000,-387.76,0,5,10,0,0,0.00,0.000000,0.000000,0.5000,0.000990
190,1769422751.3526185,0.0000,-229.60,0,4,10,0,0,0.00,0.000000,0.000000,0.5000,0.000990
191,1769422798.72622,0.0000,-235.56,0,5,10,0,0,0.00,0.000000,0.000000,0.5000,0.000990
192,1769422845.9074726,0.0000,-154.30,0,4,10,0,0,0.00,0.000000,0.000000,0.5000,0.000990
193,1769422896.4616938,0.0000,-74.59,0,3,10,1,0,0.00,0.000000,0.000000,0.5000,0.000990
194,1769422943.853099,0.0000,-155.11,0,3,10,0,0,0.00,0.000000,0.000000,0.5000,0.000990
195,1769422991.086084,0.0000,0.00,0,1,10,0,0,0.00,0.000000,0.000000,0.5000,0.000990
196,1769423038.5017676,0.0000,-77.71,0,2,10,0,0,0.00,0.000000,0.000000,0.5000,0.000990
197,1769423085.8225396,0.0000,-231.20,0,4,10,0,0,0.00,0.000000,0.000000,0.5000,0.000990
198,1769423132.9385314,0.0000,-231.41,0,4,10,0,0,0.00,0.000000,0.000000,0.5000,0.000990
199,1769423180.388505,0.0000,-76.42,0,2,10,0,0,0.00,0.000000,0.000000,0.5000,0.000980
200,1769423227.7437,0.0000,-231.61,0,6,10,0,0,0.00,0.000000,0.000000,0.5000,0.000980
201,1769423275.1307015,0.0000,-229.03,0,3,10,0,0,0.00,0.000000,0.000000,0.5000,0.000980
202,1769423322.4894643,0.0000,-234.44,0,3,10,0,0,0.00,0.000000,0.000000,0.5000,0.000980
203,1769423369.9139948,0.0000,-233.21,0,3,10,0,0,0.00,0.000000,0.000000,0.5000,0.000980
204,1769423421.2076654,0.0000,-151.50,0,4,10,1,0,0.00,0.000000,0.000000,0.5000,0.000980
205,1769423468.467103,0.0000,-155.88,0,3,10,0,0,0.00,0.000000,0.000000,0.5000,0.000980
206,1769423515.9639838,0.0000,-234.37,0,4,10,0,0,0.00,0.000000,0.000000,0.5000,0.000980
207,1769423563.424121,0.0000,-155.96,0,2,10,0,0,0.00,0.000000,0.000000,0.5000,0.000980
208,1769423610.8714364,0.0000,-153.91,0,2,10,0,0,0.00,0.000000,0.000000,0.5000,0.000980
209,1769423658.320126,0.0000,-154.65,0,2,10,0,0,0.00,0.000000,0.000000,0.5000,0.000980
210,1769423705.4460864,0.0000,-229.55,0,4,10,0,0,0.00,0.000000,0.000000,0.5000,0.000980
211,1769423752.793661,0.0000,-309.58,0,4,10,0,0,0.00,0.000000,0.000000,0.5000,0.000980
212,1769423800.255435,0.0000,-233.83,0,5,10,0,0,0.00,0.000000,0.000000,0.5000,0.000980
213,1769423847.7275543,0.0000,-388.75,0,5,10,0,0,0.00,0.000000,0.000000,0.5000,0.000980
214,1769423895.2361367,0.0000,-77.23,0,3,10,0,0,0.00,0.000000,0.000000,0.5000,0.000980
215,1769423942.8267653,0.0000,-156.09,0,2,10,0,0,0.00,0.000000,0.000000,0.5000,0.000980
216,1769423990.143928,0.0000,-153.01,0,2,10,0,0,0.00,0.000000,0.000000,0.5000,0.000980
217,1769424037.4486668,0.0000,-306.34,0,4,10,0,0,0.00,0.000000,0.000000,0.5000,0.000980
218,1769424085.0284538,0.0000,-233.63,0,3,10,0,0,0.00,0.000000,0.000000,0.5000,0.000980
219,1769424132.4552655,0.0000,-231.23,0,3,10,0,0,0.00,0.000000,0.000000,0.5000,0.000980
220,1769424179.7462523,0.0000,-305.74,0,4,10,0,0,0.00,0.000000,0.000000,0.5000,0.000980
221,1769424227.0818968,0.0000,-311.70,0,4,10,0,0,0.00,0.000000,0.000000,0.5000,0.000980
222,1769424274.6392765,0.0000,-79.31,0,3,10,0,0,0.00,0.000000,0.000000,0.5000,0.000980
223,1769424321.9804125,0.0000,-153.73,0,3,10,0,0,0.00,0.000000,0.000000,0.5000,0.000980
224,1769424369.5712829,0.0000,-153.80,0,4,10,0,0,0.00,0.000000,0.000000,0.5000,0.000980
225,1769424416.9379969,0.0000,-231.25,0,4,10,0,0,0.00,0.000000,0.000000,0.5000,0.000980
226,1769424464.4749815,0.0000,-231.44,0,3,10,0,0,0.00,0.000000,0.000000,0.5000,0.000980
227,1769424511.9487126,0.0000,-310.05,0,4,10,0,0,0.00,0.000000,0.000000,0.5000,0.000980
228,1769424563.1819265,0.0000,-76.31,0,2,10,1,0,0.00,0.000000,0.000000,0.5000,0.000980
229,1769424610.8115687,0.0000,-229.38,0,3,10,0,0,0.00,0.000000,0.000000,0.5000,0.000980
230,1769424658.300996,0.0000,-308.17,0,4,10,0,0,0.00,0.000000,0.000000,0.5000,0.000980
231,1769424705.672162,0.0000,-77.64,0,2,10,0,0,0.00,0.000000,0.000000,0.5000,0.000980
232,1769424753.149465,0.0000,-307.31,0,4,10,0,0,0.00,0.000000,0.000000,0.5000,0.000980
233,1769424800.3757982,0.0000,-231.96,0,4,10,0,0,0.00,0.000000,0.000000,0.5000,0.000980
234,1769424847.693797,0.0000,-75.04,0,2,10,0,0,0.00,0.000000,0.000000,0.5000,0.000980
235,1769424895.0230563,0.0000,-77.66,0,2,10,0,0,0.00,0.000000,0.000000,0.5000,0.000980
236,1769424942.3701317,0.0000,-76.97,0,3,10,0,0,0.00,0.000000,0.000000,0.5000,0.000980
237,1769424990.130489,0.0000,-230.30,0,4,10,0,0,0.00,0.000000,0.000000,0.5000,0.000980
238,1769425037.7127318,0.0000,-157.01,0,3,10,0,0,0.00,0.000000,0.000000,0.5000,0.000980
239,1769425085.0138938,0.0000,-230.64,0,3,10,0,0,0.00,0.000000,0.000000,0.5000,0.000980
240,1769425132.2086089,0.0000,-385.08,0,5,10,0,0,0.00,0.000000,0.000000,0.5000,0.000980
241,1769425179.5328922,0.0000,-151.79,0,2,10,0,0,0.00,0.000000,0.000000,0.5000,0.000980
242,1769425226.922407,0.0000,-229.83,0,4,10,0,0,0.00,0.000000,0.000000,0.5000,0.000980
243,1769425274.210047,0.0000,-155.58,0,3,10,0,0,0.00,0.000000,0.000000,0.5000,0.000980
244,1769425321.6577086,0.0000,-233.41,0,5,10,0,0,0.00,0.000000,0.000000,0.5000,0.000980
245,1769425369.2139578,0.0000,-230.95,0,3,10,0,0,0.00,0.000000,0.000000,0.5000,0.000980
246,1769425416.607614,0.0000,-156.75,0,3,10,0,0,0.00,0.000000,0.000000,0.5000,0.000980
247,1769425463.746225,0.0000,-155.78,0,3,10,0,0,0.00,0.000000,0.000000,0.5000,0.000980
248,1769425511.0615902,0.0000,-230.55,0,3,10,0,0,0.00,0.000000,0.000000,0.5000,0.000980
249,1769425558.467495,0.0000,-306.55,0,4,10,0,0,0.00,0.000000,0.000000,0.5000,0.000980
250,1769425605.6847768,0.0000,-153.37,0,2,10,0,0,0.00,0.000000,0.000000,0.5000,0.000980
251,1769425652.8577478,0.0000,-153.79,0,3,10,0,0,0.00,0.000000,0.000000,0.5000,0.000980
252,1769425700.2782533,0.0000,-153.93,0,3,10,0,0,0.00,0.000000,0.000000,0.5000,0.000980
253,1769425747.825212,0.0000,-154.61,0,3,10,0,0,0.00,0.000000,0.000000,0.5000,0.000980
254,1769425795.196534,0.0000,-311.01,0,4,10,0,0,0.00,0.000000,0.000000,0.5000,0.000980
255,1769425842.6563208,0.0000,-231.63,0,4,10,0,0,0.00,0.000000,0.000000,0.5000,0.000980
256,1769425890.0422742,0.0000,-78.13,0,1,10,0,0,0.00,0.000000,0.000000,0.5000,0.000980
257,1769425941.411727,0.0000,-77.78,0,1,10,1,0,0.00,0.000000,0.000000,0.5000,0.000980
258,1769425988.7589557,0.0000,-311.17,0,4,10,0,0,0.00,0.000000,0.000000,0.5000,0.000980
259,1769426036.1802444,0.0000,-311.87,0,4,10,0,0,0.00,0.000000,0.000000,0.5000,0.000980
260,1769426083.6693506,0.0000,-150.87,0,2,10,0,0,0.00,0.000000,0.000000,0.5000,0.000980
261,1769426131.1063108,0.0000,-309.38,0,4,10,0,0,0.00,0.000000,0.000000,0.5000,0.000980
262,1769426178.3635254,0.0000,-233.13,0,4,10,0,0,0.00,0.000000,0.000000,0.5000,0.000980
263,1769426225.8645961,0.0000,-154.99,0,2,10,0,0,0.00,0.000000,0.000000,0.5000,0.000980
264,1769426273.1066203,0.0000,-157.24,0,4,10,0,0,0.00,0.000000,0.000000,0.5000,0.000980
265,1769426320.3602843,0.0000,-154.73,0,4,10,0,0,0.00,0.000000,0.000000,0.5000,0.000980
266,1769426367.7903297,0.0000,-152.74,0,2,10,0,0,0.00,0.000000,0.000000,0.5000,0.000980
267,1769426415.328791,0.0000,-157.08,0,3,10,0,0,0.00,0.000000,0.000000,0.5000,0.000980
268,1769426462.72342,0.0000,-154.60,0,2,10,0,0,0.00,0.000000,0.000000,0.5000,0.000980
269,1769426510.122264,0.0000,-152.96,0,3,10,0,0,0.00,0.000000,0.000000,0.5000,0.000980
270,1769426557.4379,0.0000,-153.01,0,2,10,0,0,0.00,0.000000,0.000000,0.5000,0.000980
271,1769426604.9893236,0.0000,-227.31,0,4,10,0,0,0.00,0.000000,0.000000,0.5000,0.000980
272,1769426652.323183,0.0000,-309.73,0,4,10,0,0,0.00,0.000000,0.000000,0.5000,0.000980
273,1769426699.7941856,0.0000,-305.92,0,5,10,0,0,0.00,0.000000,0.000000,0.5000,0.000980
274,1769426747.3124552,0.0000,-231.59,0,3,10,0,0,0.00,0.000000,0.000000,0.5000,0.000980
275,1769426794.8526435,0.0000,-232.51,0,3,10,0,0,0.00,0.000000,0.000000,0.5000,0.000980
276,1769426842.1726875,0.0000,-154.03,0,3,10,0,0,0.00,0.000000,0.000000,0.5000,0.000980
277,1769426889.4701676,0.0000,0.00,0,2,10,0,0,0.00,0.000000,0.000000,0.5000,0.000980
278,1769426937.0680838,0.0000,-312.58,0,4,10,0,0,0.00,0.000000,0.000000,0.5000,0.000980
279,1769426984.458365,0.0000,-154.60,0,2,10,0,0,0.00,0.000000,0.000000,0.5000,0.000980
280,1769427031.813367,0.0000,-155.62,0,3,10,0,0,0.00,0.000000,0.000000,0.5000,0.000980
281,1769427079.3051264,0.0000,-229.65,0,3,10,0,0,0.00,0.000000,0.000000,0.5000,0.000980
282,1769427126.6622887,0.0000,-307.29,0,4,10,0,0,0.00,0.000000,0.000000,0.5000,0.000980
283,1769427174.2826064,0.0000,-230.75,0,5,10,0,0,0.00,0.000000,0.000000,0.5000,0.000980
284,1769427221.7303483,0.0000,-152.96,0,2,10,0,0,0.00,0.000000,0.000000,0.5000,0.000980
285,1769427269.1721714,0.0000,-230.60,0,3,10,0,0,0.00,0.000000,0.000000,0.5000,0.000980
286,1769427316.4409611,0.0000,-301.49,0,4,10,0,0,0.00,0.000000,0.000000,0.5000,0.000980
287,1769427363.9249315,0.0000,-76.78,0,2,10,0,0,0.00,0.000000,0.000000,0.5000,0.000980
288,1769427411.3281388,0.0000,-79.30,0,1,10,0,0,0.00,0.000000,0.000000,0.5000,0.000980
289,1769427458.9249978,0.0000,-154.37,0,3,10,0,0,0.00,0.000000,0.000000,0.5000,0.000980
290,1769427506.2084215,0.0000,-76.90,0,2,10,0,0,0.00,0.000000,0.000000,0.5000,0.000980
291,1769427553.796559,0.0000,-75.19,0,2,10,0,0,0.00,0.000000,0.000000,0.5000,0.000980
292,1769427601.2439017,0.0000,-232.59,0,4,10,0,0,0.00,0.000000,0.000000,0.5000,0.000980
293,1769427648.537967,0.0000,-231.42,0,4,10,0,0,0.00,0.000000,0.000000,0.5000,0.000980
294,1769427695.8566628,0.0000,-230.20,0,4,10,0,0,0.00,0.000000,0.000000,0.5000,0.000980
295,1769427743.2257454,0.0000,-151.16,0,3,10,0,0,0.00,0.000000,0.000000,0.5000,0.000980
296,1769427790.5248399,0.0000,-77.40,0,2,10,0,0,0.00,0.000000,0.000000,0.5000,0.000980
297,1769427838.103466,0.0000,-228.92,0,3,10,0,0,0.00,0.000000,0.000000,0.5000,0.000980
298,1769427885.616836,0.0000,-77.55,0,3,10,0,0,0.00,0.000000,0.000000,0.5000,0.000980
299,1769427932.9341962,0.0000,-152.63,0,3,10,0,0,0.00,0.000000,0.000000,0.5000,0.000970
300,1769427980.3126817,0.0000,-232.06,0,4,10,0,0,0.00,0.000000,0.000000,0.5000,0.000970
301,1769428027.6222162,0.0000,-229.24,0,4,10,0,0,0.00,0.000000,0.000000,0.5000,0.000970
302,1769428075.0461557,0.0000,-385.90,0,5,10,0,0,0.00,0.000000,0.000000,0.5000,0.000970
303,1769428122.369905,0.0000,-231.34,0,3,10,0,0,0.00,0.000000,0.000000,0.5000,0.000970
304,1769428169.8495169,0.0000,-153.51,0,2,10,0,0,0.00,0.000000,0.000000,0.5000,0.000970
305,1769428217.2939928,0.0000,-310.24,0,4,10,0,0,0.00,0.000000,0.000000,0.5000,0.000970
306,1769428264.8566923,0.0000,-154.79,0,2,10,0,0,0.00,0.000000,0.000000,0.5000,0.000970
307,1769428312.146015,0.0000,-76.13,0,2,10,0,0,0.00,0.000000,0.000000,0.5000,0.000970
308,1769428359.4757884,0.0000,-152.77,0,2,10,0,0,0.00,0.000000,0.000000,0.5000,0.000970
309,1769428406.738504,0.0000,-386.15,0,5,10,0,0,0.00,0.000000,0.000000,0.5000,0.000970
310,1769428454.1201477,0.0000,-232.59,0,4,10,0,0,0.00,0.000000,0.000000,0.5000,0.000970
311,1769428501.4591088,0.0000,-388.27,0,5,10,0,0,0.00,0.000000,0.000000,0.5000,0.000970
312,1769428548.760006,0.0000,-157.37,0,2,10,0,0,0.00,0.000000,0.000000,0.5000,0.000970
313,1769428596.1787283,0.0000,-232.99,0,4,10,0,0,0.00,0.000000,0.000000,0.5000,0.000970
314,1769428643.5941935,0.0000,-231.82,0,3,10,0,0,0.00,0.000000,0.000000,0.5000,0.000970
315,1769428695.7210548,0.0000,-154.91,0,3,10,1,0,0.00,0.000000,0.000000,0.5000,0.000970
316,1769428742.7827227,0.0000,-153.83,0,3,10,0,0,0.00,0.000000,0.000000,0.5000,0.000970
317,1769428790.1173334,0.0000,-232.85,0,3,10,0,0,0.00,0.000000,0.000000,0.5000,0.000970
318,1769428837.396191,0.0000,-155.64,0,2,10,0,0,0.00,0.000000,0.000000,0.5000,0.000970
319,1769428884.4465866,0.0000,-153.79,0,4,10,0,0,0.00,0.000000,0.000000,0.5000,0.000970
320,1769428931.6139657,0.0000,-229.35,0,3,10,0,0,0.00,0.000000,0.000000,0.5000,0.000970
321,1769428978.9784505,0.0000,-382.59,0,5,10,0,0,0.00,0.000000,0.000000,0.5000,0.000970
322,1769429026.2218792,0.0000,-233.12,0,3,10,0,0,0.00,0.000000,0.000000,0.5000,0.000970
323,1769429073.514271,0.0000,-229.38,0,3,10,0,0,0.00,0.000000,0.000000,0.5000,0.000970
324,1769429120.7351284,0.0000,0.00,0,2,10,0,0,0.00,0.000000,0.000000,0.5000,0.000970
325,1769429167.9421983,0.0000,-153.69,0,2,10,0,0,0.00,0.000000,0.000000,0.5000,0.000970
326,1769429214.9497354,0.0000,-75.10,0,3,10,0,0,0.00,0.000000,0.000000,0.5000,0.000970
327,1769429262.214474,0.0000,-386.86,0,5,10,0,0,0.00,0.000000,0.000000,0.5000,0.000970
328,1769429309.6255744,0.0000,-232.70,0,4,10,0,0,0.00,0.000000,0.000000,0.5000,0.000970
329,1769429356.870021,0.0000,-152.49,0,3,10,0,0,0.00,0.000000,0.000000,0.5000,0.000970
330,1769429403.9816902,0.0000,-77.30,0,1,10,0,0,0.00,0.000000,0.000000,0.5000,0.000970
331,1769429451.1138387,0.0000,-75.86,0,1,10,0,0,0.00,0.000000,0.000000,0.5000,0.000970
332,1769429498.386446,0.0000,-153.56,0,3,10,0,0,0.00,0.000000,0.000000,0.5000,0.000970
333,1769429545.7373781,0.0000,-389.21,0,5,10,0,0,0.00,0.000000,0.000000,0.5000,0.000970
334,1769429592.953045,0.0000,-153.33,0,3,10,0,0,0.00,0.000000,0.000000,0.5000,0.000970
335,1769429640.2366958,0.0000,-76.21,0,3,10,0,0,0.00,0.000000,0.000000,0.5000,0.000970
336,1769429687.5962365,0.0000,-79.18,0,2,10,0,0,0.00,0.000000,0.000000,0.5000,0.000970
337,1769429734.8437226,0.0000,-154.39,0,2,10,0,0,0.00,0.000000,0.000000,0.5000,0.000970
338,1769429782.0176325,0.0000,0.00,0,2,10,0,0,0.00,0.000000,0.000000,0.5000,0.000970
339,1769429829.08808,0.0000,-156.84,0,2,10,0,0,0.00,0.000000,0.000000,0.5000,0.000970
340,1769429876.472322,0.0000,0.00,0,3,10,0,0,0.00,0.000000,0.000000,0.5000,0.000970
341,1769429923.842206,0.0000,-76.53,0,2,10,0,0,0.00,0.000000,0.000000,0.5000,0.000970
342,1769429971.2783413,0.0000,-155.75,0,2,10,0,0,0.00,0.000000,0.000000,0.5000,0.000970
343,1769430022.486426,0.0000,-231.29,0,5,10,1,0,0.00,0.000000,0.000000,0.5000,0.000970
344,1769430069.828362,0.0000,-385.86,0,5,10,0,0,0.00,0.000000,0.000000,0.5000,0.000970
345,1769430116.9422991,0.0000,-230.53,0,3,10,0,0,0.00,0.000000,0.000000,0.5000,0.000970
346,1769430164.0523517,0.0000,-154.16,0,3,10,0,0,0.00,0.000000,0.000000,0.5000,0.000970
347,1769430211.1384163,0.0000,-232.43,0,4,10,0,0,0.00,0.000000,0.000000,0.5000,0.000970
348,1769430258.348856,0.0000,-155.10,0,3,10,0,0,0.00,0.000000,0.000000,0.5000,0.000970
349,1769430305.5224314,0.0000,-77.37,0,2,10,0,0,0.00,0.000000,0.000000,0.5000,0.000970
350,1769430352.7838254,0.0000,-231.33,0,4,10,0,0,0.00,0.000000,0.000000,0.5000,0.000970
351,1769430400.1540754,0.0000,-78.26,0,3,10,0,0,0.00,0.000000,0.000000,0.5000,0.000970
352,1769430447.666088,0.0000,-384.17,0,5,10,0,0,0.00,0.000000,0.000000,0.5000,0.000970
353,1769430494.8364854,0.0000,-233.21,0,4,10,0,0,0.00,0.000000,0.000000,0.5000,0.000970
354,1769430542.0045652,0.0000,-311.56,0,5,10,0,0,0.00,0.000000,0.000000,0.5000,0.000970
355,1769430589.2240174,0.0000,-154.55,0,2,10,0,0,0.00,0.000000,0.000000,0.5000,0.000970
356,1769430636.5904236,0.0000,-77.46,0,2,10,0,0,0.00,0.000000,0.000000,0.5000,0.000970
357,1769430683.8442867,0.0000,-230.63,0,3,10,0,0,0.00,0.000000,0.000000,0.5000,0.000970
358,1769430731.2286196,0.0000,-155.99,0,2,10,0,0,0.00,0.000000,0.000000,0.5000,0.000970
359,1769430778.5488753,0.0000,-152.26,0,2,10,0,0,0.00,0.000000,0.000000,0.5000,0.000970
360,1769430825.8025312,0.0000,-307.76,0,4,10,0,0,0.00,0.000000,0.000000,0.5000,0.000970
361,1769430873.0097935,0.0000,-231.46,0,3,10,0,0,0.00,0.000000,0.000000,0.5000,0.000970
362,1769430920.2366662,0.0000,-156.76,0,3,10,0,0,0.00,0.000000,0.000000,0.5000,0.000970
363,1769430967.4224353,0.0000,-231.50,0,3,10,0,0,0.00,0.000000,0.000000,0.5000,0.000970
364,1769431014.774849,0.0000,-231.92,0,3,10,0,0,0.00,0.000000,0.000000,0.5000,0.000970
365,1769431061.9659686,0.0000,-154.91,0,3,10,0,0,0.00,0.000000,0.000000,0.5000,0.000970
366,1769431109.4677734,0.0000,-233.51,0,4,10,0,0,0.00,0.000000,0.000000,0.5000,0.000970
367,1769431157.688358,0.0000,-233.61,0,4,10,1,0,0.00,0.000000,0.000000,0.5000,0.000970
368,1769431204.8513224,0.0000,-234.74,0,4,10,0,0,0.00,0.000000,0.000000,0.5000,0.000970
369,1769431252.011483,0.0000,-154.14,0,2,10,0,0,0.00,0.000000,0.000000,0.5000,0.000970
370,1769431299.3837924,0.0000,-152.53,0,3,10,0,0,0.00,0.000000,0.000000,0.5000,0.000970
371,1769431346.726522,0.0000,-230.43,0,3,10,0,0,0.00,0.000000,0.000000,0.5000,0.000970
372,1769431394.1815028,0.0000,-155.05,0,2,10,0,0,0.00,0.000000,0.000000,0.5000,0.000970
373,1769431441.463673,0.0000,-232.81,0,3,10,0,0,0.00,0.000000,0.000000,0.5000,0.000970
374,1769431488.839901,0.0000,-77.14,0,3,10,0,0,0.00,0.000000,0.000000,0.5000,0.000970
375,1769431536.3262885,0.0000,-232.99,0,3,10,0,0,0.00,0.000000,0.000000,0.5000,0.000970
376,1769431583.6434488,0.0000,0.00,0,2,10,0,0,0.00,0.000000,0.000000,0.5000,0.000970
377,1769431631.0267248,0.0000,-155.05,0,3,10,0,0,0.00,0.000000,0.000000,0.5000,0.000970
378,1769431678.2175627,0.0000,-306.92,0,4,10,0,0,0.00,0.000000,0.000000,0.5000,0.000970
379,1769431725.5286899,0.0000,-234.03,0,3,10,0,0,0.00,0.000000,0.000000,0.5000,0.000970
380,1769431772.7201002,0.0000,-155.88,0,3,10,0,0,0.00,0.000000,0.000000,0.5000,0.000970
381,1769431820.051356,0.0000,-230.81,0,4,10,0,0,0.00,0.000000,0.000000,0.5000,0.000970
382,1769431867.455147,0.0000,-233.22,0,4,10,0,0,0.00,0.000000,0.000000,0.5000,0.000970
383,1769431914.6723661,0.0000,-77.43,0,2,10,0,0,0.00,0.000000,0.000000,0.5000,0.000970
384,1769431961.7536745,0.0000,-154.66,0,3,10,0,0,0.00,0.000000,0.000000,0.5000,0.000970
385,1769432008.9140737,0.0000,-154.41,0,3,10,0,0,0.00,0.000000,0.000000,0.5000,0.000970
386,1769432056.1892974,0.0000,-77.85,0,2,10,0,0,0.00,0.000000,0.000000,0.5000,0.000970
387,1769432103.4250486,0.0000,-152.42,0,2,10,0,0,0.00,0.000000,0.000000,0.5000,0.000970
388,1769432150.9350138,0.0000,-79.41,0,2,10,0,0,0.00,0.000000,0.000000,0.5000,0.000970
389,1769432198.358348,0.0000,-311.12,0,5,10,0,0,0.00,0.000000,0.000000,0.5000,0.000970
390,1769432245.9306586,0.0000,-388.44,0,6,10,0,0,0.00,0.000000,0.000000,0.5000,0.000970
391,1769432293.2075229,0.0000,-230.54,0,5,10,0,0,0.00,0.000000,0.000000,0.5000,0.000970
392,1769432340.4803412,0.0000,-229.65,0,3,10,0,0,0.00,0.000000,0.000000,0.5000,0.000970
393,1769432387.9040618,0.0000,-75.79,0,3,10,0,0,0.00,0.000000,0.000000,0.5000,0.000970
394,1769432435.3735025,0.0000,-153.01,0,2,10,0,0,0.00,0.000000,0.000000,0.5000,0.000970
395,1769432482.788093,0.0000,-231.74,0,3,10,0,0,0.00,0.000000,0.000000,0.5000,0.000970
396,1769432530.2133534,0.0000,-77.68,0,2,10,0,0,0.00,0.000000,0.000000,0.5000,0.000970
397,1769432577.6115034,0.0000,-232.28,0,4,10,0,0,0.00,0.000000,0.000000,0.5000,0.000970
398,1769432624.980603,0.0000,-79.02,0,2,10,0,0,0.00,0.000000,0.000000,0.5000,0.000970
399,1769432672.0489144,0.0000,-229.87,0,4,10,0,0,0.00,0.000000,0.000000,0.5000,0.000961
400,1769432719.3905017,0.0000,-76.24,0,2,10,0,0,0.00,0.000000,0.000000,0.5000,0.000961
401,1769432766.8488145,0.0000,-231.57,0,3,10,0,0,0.00,0.000000,0.000000,0.5000,0.000961
402,1769432814.1786368,0.0000,-234.61,0,3,10,0,0,0.00,0.000000,0.000000,0.5000,0.000961
403,1769432861.4285877,0.0000,-465.23,0,6,10,0,0,0.00,0.000000,0.000000,0.5000,0.000961
404,1769432908.7600627,0.0000,-77.48,0,3,10,0,0,0.00,0.000000,0.000000,0.5000,0.000961
405,1769432956.2339153,0.0000,-156.08,0,3,10,0,0,0.00,0.000000,0.000000,0.5000,0.000961
406,1769433003.6044006,0.0000,-234.35,0,4,10,0,0,0.00,0.000000,0.000000,0.5000,0.000961
407,1769433050.893613,0.0000,-232.48,0,3,10,0,0,0.00,0.000000,0.000000,0.5000,0.000961
408,1769433098.1812277,0.0000,-78.72,0,3,10,0,0,0.00,0.000000,0.000000,0.5000,0.000961
409,1769433145.5814624,0.0000,-229.84,0,3,10,0,0,0.00,0.000000,0.000000,0.5000,0.000961
410,1769433192.9638083,0.0000,-390.50,0,5,10,0,0,0.00,0.000000,0.000000,0.5000,0.000961
411,1769433240.2597666,0.0000,-77.24,0,3,10,0,0,0.00,0.000000,0.000000,0.5000,0.000961
412,1769433287.8305247,0.0000,-77.92,0,2,10,0,0,0.00,0.000000,0.000000,0.5000,0.000961
413,1769433335.293702,0.0000,-77.91,0,2,10,0,0,0.00,0.000000,0.000000,0.5000,0.000961
414,1769433382.6569464,0.0000,-387.29,0,5,10,0,0,0.00,0.000000,0.000000,0.5000,0.000961
